Date,COCOA,first_diff
1960-01-01,0.634,
1960-02-01,0.608,-0.026000000000000023
1960-03-01,0.5789,-0.029100000000000015
1960-04-01,0.5983,0.019400000000000084
1960-05-01,0.6001,0.0017999999999999128
1960-06-01,0.5944,-0.005699999999999927
1960-07-01,0.6045,0.010099999999999998
1960-08-01,0.5882,-0.016300000000000092
1960-09-01,0.5827,-0.005499999999999949
1960-10-01,0.5858,0.0030999999999999917
1960-11-01,0.5695,-0.01629999999999998
1960-12-01,0.5238,-0.04569999999999996
1961-01-01,0.485,-0.03880000000000006
1961-02-01,0.4881,0.0030999999999999917
1961-03-01,0.4581,-0.02999999999999997
1961-04-01,0.4354,-0.022699999999999998
1961-05-01,0.4848,0.0494
1961-06-01,0.4907,0.005900000000000016
1961-07-01,0.4753,-0.015400000000000025
1961-08-01,0.4795,0.0041999999999999815
1961-09-01,0.465,-0.014499999999999957
1961-10-01,0.4603,-0.0047000000000000375
1961-11-01,0.4808,0.020500000000000018
1961-12-01,0.5397,0.05889999999999995
1962-01-01,0.4588,-0.08089999999999997
1962-02-01,0.4945,0.03570000000000001
1962-03-01,0.4414,-0.05309999999999998
1962-04-01,0.4647,0.023299999999999987
1962-05-01,0.4654,0.0006999999999999784
1962-06-01,0.4729,0.007500000000000007
1962-07-01,0.461,-0.011899999999999966
1962-08-01,0.4588,-0.0022000000000000353
1962-09-01,0.45,-0.008799999999999975
1962-10-01,0.4365,-0.013500000000000012
1962-11-01,0.4383,0.0018000000000000238
1962-12-01,0.4533,0.014999999999999958
1963-01-01,0.4991,0.04580000000000001
1963-02-01,0.5439,0.04480000000000006
1963-03-01,0.5318,-0.0121
1963-04-01,0.5631,0.031299999999999994
1963-05-01,0.6076,0.044499999999999984
1963-06-01,0.5622,-0.045399999999999996
1963-07-01,0.5249,-0.0373
1963-08-01,0.521,-0.0039000000000000146
1963-09-01,0.5509,0.029899999999999927
1963-10-01,0.5807,0.02980000000000005
1963-11-01,0.5706,-0.010099999999999998
1963-12-01,0.5723,0.0017000000000000348
1964-01-01,0.5549,-0.017400000000000082
1964-02-01,0.5077,-0.04719999999999991
1964-03-01,0.5084,0.0006999999999999229
1964-04-01,0.4784,-0.02999999999999997
1964-05-01,0.4766,-0.0017999999999999683
1964-06-01,0.4954,0.018799999999999983
1964-07-01,0.5077,0.012300000000000033
1964-08-01,0.4985,-0.009200000000000041
1964-09-01,0.5104,0.011899999999999966
1964-10-01,0.509,-0.0013999999999999568
1964-11-01,0.5201,0.011099999999999999
1964-12-01,0.5018,-0.018299999999999983
1965-01-01,0.47,-0.03180000000000005
1965-02-01,0.4191,-0.0509
1965-03-01,0.353,-0.06609999999999999
1965-04-01,0.3457,-0.007299999999999973
1965-05-01,0.3276,-0.018100000000000005
1965-06-01,0.2906,-0.03699999999999998
1965-07-01,0.259,-0.03160000000000002
1965-08-01,0.3258,0.06679999999999997
1965-09-01,0.3649,0.039100000000000024
1965-10-01,0.3706,0.005699999999999983
1965-11-01,0.3986,0.028000000000000025
1965-12-01,0.4588,0.060199999999999976
1966-01-01,0.4731,0.014300000000000035
1966-02-01,0.4718,-0.0013000000000000234
1966-03-01,0.4896,0.017799999999999983
1966-04-01,0.5333,0.04370000000000002
1966-05-01,0.513,-0.020299999999999985
1966-06-01,0.5267,0.013699999999999934
1966-07-01,0.5761,0.0494
1966-08-01,0.573,-0.0030999999999999917
1966-09-01,0.5022,-0.07079999999999997
1966-10-01,0.5084,0.006199999999999983
1966-11-01,0.4952,-0.01319999999999999
1966-12-01,0.5492,0.05400000000000005
1967-01-01,0.5739,0.024699999999999944
1967-02-01,0.6078,0.03390000000000004
1967-03-01,0.5952,-0.012600000000000056
1967-04-01,0.5754,-0.01979999999999993
1967-05-01,0.5688,-0.00660000000000005
1967-06-01,0.5792,0.010400000000000076
1967-07-01,0.5686,-0.010600000000000054
1967-08-01,0.5855,0.016900000000000026
1967-09-01,0.6239,0.03839999999999999
1967-10-01,0.6078,-0.016100000000000003
1967-11-01,0.6442,0.03639999999999999
1967-12-01,0.6471,0.0029000000000000137
1968-01-01,0.6543,0.007199999999999984
1968-02-01,0.6321,-0.022199999999999998
1968-03-01,0.6235,-0.008599999999999941
1968-04-01,0.6288,0.005299999999999971
1968-05-01,0.6243,-0.0045000000000000595
1968-06-01,0.6133,-0.01100000000000001
1968-07-01,0.6257,0.012400000000000078
1968-08-01,0.6526,0.026899999999999924
1968-09-01,0.7747,0.1221000000000001
1968-10-01,0.8305,0.05579999999999996
1968-11-01,0.9661,0.13559999999999994
1968-12-01,1.0247,0.058599999999999985
1969-01-01,0.9378,-0.08689999999999998
1969-02-01,0.9105,-0.02729999999999999
1969-03-01,0.8984,-0.0121
1969-04-01,0.8759,-0.022499999999999964
1969-05-01,0.8089,-0.06700000000000006
1969-06-01,0.8929,0.08400000000000007
1969-07-01,0.9312,0.0383
1969-08-01,0.9143,-0.016900000000000026
1969-09-01,0.9008,-0.013499999999999956
1969-10-01,0.9186,0.017799999999999927
1969-11-01,0.9321,0.013500000000000068
1969-12-01,0.8512,-0.08090000000000008
1970-01-01,0.675,-0.1761999999999999
1970-02-01,0.675,0.0
1970-03-01,0.675,0.0
1970-04-01,0.675,0.0
1970-05-01,0.675,0.0
1970-06-01,0.675,0.0
1970-07-01,0.675,0.0
1970-08-01,0.675,0.0
1970-09-01,0.675,0.0
1970-10-01,0.675,0.0
1970-11-01,0.675,0.0
1970-12-01,0.675,0.0
1971-01-01,0.538,-0.137
1971-02-01,0.538,0.0
1971-03-01,0.538,0.0
1971-04-01,0.538,0.0
1971-05-01,0.538,0.0
1971-06-01,0.538,0.0
1971-07-01,0.538,0.0
1971-08-01,0.538,0.0
1971-09-01,0.538,0.0
1971-10-01,0.538,0.0
1971-11-01,0.538,0.0
1971-12-01,0.538,0.0
1972-01-01,0.644,0.10599999999999998
1972-02-01,0.644,0.0
1972-03-01,0.644,0.0
1972-04-01,0.644,0.0
1972-05-01,0.644,0.0
1972-06-01,0.644,0.0
1972-07-01,0.644,0.0
1972-08-01,0.644,0.0
1972-09-01,0.644,0.0
1972-10-01,0.644,0.0
1972-11-01,0.644,0.0
1972-12-01,0.644,0.0
1973-01-01,1.131,0.487
1973-02-01,1.131,0.0
1973-03-01,1.131,0.0
1973-04-01,1.131,0.0
1973-05-01,1.131,0.0
1973-06-01,1.131,0.0
1973-07-01,1.131,0.0
1973-08-01,1.131,0.0
1973-09-01,1.131,0.0
1973-10-01,1.131,0.0
1973-11-01,1.131,0.0
1973-12-01,1.131,0.0
1974-01-01,1.561,0.42999999999999994
1974-02-01,1.561,0.0
1974-03-01,1.561,0.0
1974-04-01,1.561,0.0
1974-05-01,1.561,0.0
1974-06-01,1.561,0.0
1974-07-01,1.561,0.0
1974-08-01,1.561,0.0
1974-09-01,1.561,0.0
1974-10-01,1.561,0.0
1974-11-01,1.561,0.0
1974-12-01,1.561,0.0
1975-01-01,1.246,-0.31499999999999995
1975-02-01,1.246,0.0
1975-03-01,1.246,0.0
1975-04-01,1.246,0.0
1975-05-01,1.246,0.0
1975-06-01,1.246,0.0
1975-07-01,1.246,0.0
1975-08-01,1.246,0.0
1975-09-01,1.246,0.0
1975-10-01,1.246,0.0
1975-11-01,1.246,0.0
1975-12-01,1.246,0.0
1976-01-01,1.4046,0.15860000000000007
1976-02-01,1.4341,0.02949999999999986
1976-03-01,1.4151,-0.018999999999999906
1976-04-01,1.6389,0.2238
1976-05-01,1.7685,0.12959999999999994
1976-06-01,1.9242,0.15569999999999995
1976-07-01,1.957,0.03280000000000016
1976-08-01,2.1219,0.16490000000000005
1976-09-01,2.3905,0.26859999999999973
1976-10-01,2.5935,0.2030000000000003
1976-11-01,2.9253,0.3317999999999999
1976-12-01,2.9754,0.05010000000000003
1977-01-01,3.45,0.47460000000000013
1977-02-01,3.8177,0.3676999999999997
1977-03-01,4.0342,0.21650000000000036
1977-04-01,3.5878,-0.44640000000000013
1977-05-01,3.7831,0.19530000000000003
1977-06-01,4.2536,0.4704999999999995
1977-07-01,4.3629,0.10930000000000017
1977-08-01,3.9701,-0.3927999999999998
1977-09-01,3.8515,-0.11859999999999982
1977-10-01,3.6934,-0.15810000000000013
1977-11-01,3.4818,-0.21160000000000023
1977-12-01,3.1947,-0.2870999999999997
1978-01-01,2.9791,-0.21560000000000024
1978-02-01,2.8259,-0.1532
1978-03-01,3.3819,0.556
1978-04-01,3.4425,0.06059999999999999
1978-05-01,3.1356,-0.30689999999999973
1978-06-01,2.9921,-0.14349999999999996
1978-07-01,3.1636,0.17149999999999999
1978-08-01,3.3612,0.1976
1978-09-01,3.7505,0.3893
1978-10-01,3.8274,0.07689999999999975
1978-11-01,4.0303,0.20290000000000052
1978-12-01,3.9478,-0.08250000000000046
1979-01-01,3.6555,-0.2923
1979-02-01,3.5029,-0.15260000000000007
1979-03-01,3.3962,-0.10670000000000002
1979-04-01,3.2478,-0.1484000000000001
1979-05-01,3.3587,0.1109
1979-06-01,3.4807,0.12200000000000033
1979-07-01,3.252,-0.22870000000000035
1979-08-01,3.1354,-0.11659999999999959
1979-09-01,3.2225,0.08709999999999996
1979-10-01,3.0591,-0.1634000000000002
1979-11-01,3.0164,-0.04269999999999996
1979-12-01,3.1868,0.17039999999999988
1980-01-01,3.1675,-0.019299999999999873
1980-02-01,3.2368,0.06930000000000014
1980-03-01,3.091,-0.14579999999999993
1980-04-01,2.9107,-0.18030000000000035
1980-05-01,2.5858,-0.32489999999999997
1980-06-01,2.4981,-0.08769999999999989
1980-07-01,2.4648,-0.03330000000000011
1980-08-01,2.3122,-0.15260000000000007
1980-09-01,2.386,0.07380000000000031
1980-10-01,2.305,-0.08099999999999996
1980-11-01,2.174,-0.13100000000000023
1980-12-01,2.11,-0.06400000000000006
1981-01-01,2.093,-0.016999999999999904
1981-02-01,2.041,-0.052000000000000046
1981-03-01,2.116,0.07500000000000018
1981-04-01,2.11,-0.006000000000000227
1981-05-01,1.933,-0.17699999999999982
1981-06-01,1.663,-0.27
1981-07-01,2.0483,0.38529999999999975
1981-08-01,2.2469,0.19860000000000033
1981-09-01,2.3565,0.10959999999999992
1981-10-01,2.1727,-0.18380000000000019
1981-11-01,2.0637,-0.10899999999999999
1981-12-01,2.1105,0.046800000000000175
1982-01-01,2.1922,0.0817000000000001
1982-02-01,2.0871,-0.1051000000000002
1982-03-01,1.946,-0.1411
1982-04-01,1.7409,-0.20510000000000006
1982-05-01,1.719,-0.02189999999999981
1982-06-01,1.5488,-0.17020000000000013
1982-07-01,1.5565,0.00770000000000004
1982-08-01,1.5463,-0.010199999999999987
1982-09-01,1.6851,0.13880000000000003
1982-10-01,1.6335,-0.05160000000000009
1982-11-01,1.5405,-0.09299999999999997
1982-12-01,1.6315,0.09099999999999997
1983-01-01,1.7784,0.14690000000000003
1983-02-01,1.9439,0.16549999999999998
1983-03-01,1.868,-0.07589999999999986
1983-04-01,1.8772,0.009199999999999875
1983-05-01,2.0703,0.19310000000000005
1983-06-01,2.2977,0.22739999999999982
1983-07-01,2.3027,0.0050000000000003375
1983-08-01,2.3038,0.0010999999999996568
1983-09-01,2.145,-0.15879999999999983
1983-10-01,2.0977,-0.0472999999999999
1983-11-01,2.2152,0.11749999999999972
1983-12-01,2.5385,0.32330000000000014
1984-01-01,2.622,0.08349999999999991
1984-02-01,2.5005,-0.12149999999999972
1984-03-01,2.5347,0.034199999999999786
1984-04-01,2.5358,0.001100000000000101
1984-05-01,2.6826,0.14679999999999982
1984-06-01,2.485,-0.1976
1984-07-01,2.2145,-0.27049999999999974
1984-08-01,2.2136,-0.0009000000000001229
1984-09-01,2.3108,0.09719999999999995
1984-10-01,2.2573,-0.0535000000000001
1984-11-01,2.2551,-0.0021999999999997577
1984-12-01,2.14,-0.11509999999999998
1985-01-01,2.2198,0.0798000000000001
1985-02-01,2.2741,0.05429999999999957
1985-03-01,2.232,-0.04209999999999958
1985-04-01,2.2395,0.00749999999999984
1985-05-01,2.129,-0.11050000000000004
1985-06-01,2.0922,-0.036799999999999944
1985-07-01,2.2111,0.1189
1985-08-01,2.2721,0.06099999999999994
1985-09-01,2.3468,0.07469999999999999
1985-10-01,2.3636,0.016799999999999926
1985-11-01,2.2979,-0.06570000000000009
1985-12-01,2.3753,0.07740000000000036
1986-01-01,2.3237,-0.05160000000000009
1986-02-01,2.2291,-0.09460000000000024
1986-03-01,2.1065,-0.12259999999999982
1986-04-01,1.9897,-0.11680000000000001
1986-05-01,1.9059,-0.0838000000000001
1986-06-01,1.9059,0.0
1986-07-01,2.0223,0.11640000000000006
1986-08-01,2.0723,0.04999999999999982
1986-09-01,2.2064,0.1341000000000001
1986-10-01,2.073,-0.13339999999999996
1986-11-01,2.0245,-0.048499999999999766
1986-12-01,1.9761,-0.04840000000000022
1987-01-01,1.9651,-0.010999999999999899
1987-02-01,1.9586,-0.006500000000000172
1987-03-01,2.0097,0.051100000000000145
1987-04-01,2.0697,0.06000000000000005
1987-05-01,2.0684,-0.0013000000000000789
1987-06-01,1.9952,-0.07319999999999993
1987-07-01,2.1178,0.12259999999999982
1987-08-01,2.0214,-0.09640000000000004
1987-09-01,1.987,-0.034399999999999764
1987-10-01,1.9107,-0.07630000000000003
1987-11-01,1.9297,0.018999999999999906
1987-12-01,1.8973,-0.032399999999999984
1988-01-01,1.9734,0.07610000000000006
1988-02-01,1.7992,-0.17420000000000013
1988-03-01,1.6852,-0.11399999999999988
1988-04-01,1.6491,-0.03610000000000002
1988-05-01,1.7073,0.05820000000000003
1988-06-01,1.6241,-0.08319999999999994
1988-07-01,1.6096,-0.01450000000000018
1988-08-01,1.4478,-0.16179999999999994
1988-09-01,1.2392,-0.2085999999999999
1988-10-01,1.3043,0.06509999999999994
1988-11-01,1.4729,0.16860000000000008
1988-12-01,1.5031,0.030200000000000005
1989-01-01,1.4348,-0.06830000000000003
1989-02-01,1.4817,0.04689999999999994
1989-03-01,1.4088,-0.07289999999999996
1989-04-01,1.2908,-0.1180000000000001
1989-05-01,1.2072,-0.0835999999999999
1989-06-01,1.2522,0.04499999999999993
1989-07-01,1.3459,0.09370000000000012
1989-08-01,1.2855,-0.06040000000000001
1989-09-01,1.1409,-0.14460000000000006
1989-10-01,1.0635,-0.07740000000000014
1989-11-01,1.0108,-0.05269999999999997
1989-12-01,0.9703,-0.04049999999999987
1990-01-01,0.9945,0.0242
1990-02-01,1.0265,0.03199999999999992
1990-03-01,1.1314,0.1049
1990-04-01,1.3338,0.20240000000000014
1990-05-01,1.4405,0.1066999999999998
1990-06-01,1.3201,-0.12039999999999984
1990-07-01,1.3457,0.025599999999999845
1990-08-01,1.2857,-0.05999999999999983
1990-09-01,1.3715,0.08579999999999988
1990-10-01,1.3069,-0.06459999999999999
1990-11-01,1.347,0.040100000000000025
1990-12-01,1.2964,-0.05059999999999998
1991-01-01,1.2417,-0.05469999999999997
1991-02-01,1.2147,-0.027000000000000135
1991-03-01,1.2103,-0.0043999999999999595
1991-04-01,1.1458,-0.0645
1991-05-01,1.0622,-0.0835999999999999
1991-06-01,1.0408,-0.021400000000000086
1991-07-01,1.0322,-0.008599999999999941
1991-08-01,1.1389,0.10670000000000002
1991-09-01,1.2729,0.1339999999999999
1991-10-01,1.3008,0.027900000000000036
1991-11-01,1.314,0.0132000000000001
1991-12-01,1.3664,0.0524
1992-01-01,1.2815,-0.08489999999999998
1992-02-01,1.1929,-0.08860000000000001
1992-03-01,1.1282,-0.06469999999999998
1992-04-01,1.0443,-0.08390000000000009
1992-05-01,0.9923,-0.052000000000000046
1992-06-01,0.9706,-0.02169999999999994
1992-07-01,1.1021,0.13150000000000006
1992-08-01,1.1762,0.07409999999999983
1992-09-01,1.125,-0.05119999999999991
1992-10-01,1.071,-0.05400000000000005
1992-11-01,1.0763,0.005300000000000082
1992-12-01,1.0344,-0.04190000000000005
1993-01-01,1.0355,0.001100000000000101
1993-02-01,0.9976,-0.037900000000000045
1993-03-01,0.9751,-0.022500000000000075
1993-04-01,1.0117,0.03660000000000008
1993-05-01,0.9958,-0.015900000000000025
1993-06-01,0.9872,-0.008600000000000052
1993-07-01,1.0604,0.07320000000000004
1993-08-01,1.0966,0.03620000000000001
1993-09-01,1.2677,0.17110000000000003
1993-10-01,1.2923,0.024599999999999955
1993-11-01,1.321,0.028699999999999948
1993-12-01,1.3622,0.041200000000000125
1994-01-01,1.2641,-0.09810000000000008
1994-02-01,1.2289,-0.0351999999999999
1994-03-01,1.3073,0.0783999999999998
1994-04-01,1.2436,-0.06369999999999987
1994-05-01,1.3788,0.1352
1994-06-01,1.459,0.08020000000000005
1994-07-01,1.5523,0.09329999999999994
1994-08-01,1.551,-0.0013000000000000789
1994-09-01,1.4861,-0.06489999999999996
1994-10-01,1.4478,-0.0383
1994-11-01,1.4352,-0.012599999999999945
1994-12-01,1.3975,-0.03770000000000007
1995-01-01,1.4687,0.07119999999999993
1995-02-01,1.5102,0.04150000000000009
1995-03-01,1.485,-0.02519999999999989
1995-04-01,1.4612,-0.023800000000000043
1995-05-01,1.4453,-0.015900000000000025
1995-06-01,1.4372,-0.008099999999999996
1995-07-01,1.364,-0.07319999999999993
1995-08-01,1.4129,0.048899999999999944
1995-09-01,1.3971,-0.015800000000000036
1995-10-01,1.3946,-0.0024999999999999467
1995-11-01,1.435,0.04039999999999999
1995-12-01,1.3779,-0.05710000000000015
1996-01-01,1.349,-0.028899999999999926
1996-02-01,1.3702,0.021200000000000108
1996-03-01,1.3393,-0.03090000000000015
1996-04-01,1.4564,0.11709999999999998
1996-05-01,1.5241,0.0677000000000001
1996-06-01,1.5375,0.013400000000000079
1996-07-01,1.495,-0.04249999999999998
1996-08-01,1.5009,0.005899999999999794
1996-09-01,1.476,-0.024899999999999922
1996-10-01,1.477,0.001000000000000112
1996-11-01,1.4676,-0.009400000000000075
1996-12-01,1.4738,0.006199999999999983
1997-01-01,1.4279,-0.04590000000000005
1997-02-01,1.3726,-0.055299999999999905
1997-03-01,1.5236,0.15100000000000002
1997-04-01,1.571,0.04739999999999989
1997-05-01,1.5692,-0.0018000000000000238
1997-06-01,1.6883,0.11909999999999998
1997-07-01,1.6775,-0.01079999999999992
1997-08-01,1.653,-0.024499999999999966
1997-09-01,1.7655,0.11250000000000004
1997-10-01,1.741,-0.024499999999999966
1997-11-01,1.6964,-0.044600000000000195
1997-12-01,1.7388,0.04239999999999999
1998-01-01,1.6707,-0.06809999999999983
1998-02-01,1.6432,-0.02750000000000008
1998-03-01,1.7211,0.07790000000000008
1998-04-01,1.7202,-0.0009000000000001229
1998-05-01,1.7814,0.06120000000000014
1998-06-01,1.7234,-0.05800000000000005
1998-07-01,1.7167,-0.00670000000000015
1998-08-01,1.6825,-0.034199999999999786
1998-09-01,1.6859,0.0033999999999998476
1998-10-01,1.6475,-0.03839999999999999
1998-11-01,1.5999,-0.047599999999999865
1998-12-01,1.5241,-0.07580000000000009
1999-01-01,1.4558,-0.06830000000000003
1999-02-01,1.4111,-0.04469999999999996
1999-03-01,1.3139,-0.09719999999999995
1999-04-01,1.1779,-0.13600000000000012
1999-05-01,1.0676,-0.11029999999999984
1999-06-01,1.1629,0.09529999999999994
1999-07-01,1.1132,-0.04970000000000008
1999-08-01,0.9984,-0.11480000000000001
1999-09-01,1.0606,0.06220000000000003
1999-10-01,1.0215,-0.03909999999999991
1999-11-01,0.9221,-0.09940000000000004
1999-12-01,0.9188,-0.0033000000000000806
2000-01-01,0.9185,-0.00029999999999996696
2000-02-01,0.8569,-0.06159999999999999
2000-03-01,0.9259,0.06899999999999995
2000-04-01,0.912,-0.013899999999999912
2000-05-01,0.9216,0.009599999999999942
2000-06-01,0.9482,0.026600000000000068
2000-07-01,0.9671,0.018899999999999917
2000-08-01,0.8865,-0.0806
2000-09-01,0.8827,-0.0037999999999999146
2000-10-01,0.8777,-0.0050000000000000044
2000-11-01,0.8796,0.0019000000000000128
2000-12-01,0.8928,0.01319999999999999
2001-01-01,0.996,0.10319999999999996
2001-02-01,0.8926,-0.10340000000000005
2001-03-01,1.1244,0.23180000000000012
2001-04-01,1.0843,-0.040100000000000025
2001-05-01,1.0774,-0.006900000000000128
2001-06-01,0.9733,-0.10409999999999986
2001-07-01,0.9664,-0.006900000000000017
2001-08-01,1.0322,0.06579999999999997
2001-09-01,1.0243,-0.007900000000000018
2001-10-01,1.0849,0.06059999999999999
2001-11-01,1.2316,0.14670000000000005
2001-12-01,1.3374,0.1057999999999999
2002-01-01,1.386,0.04859999999999998
2002-02-01,1.4906,0.10460000000000003
2002-03-01,1.5927,0.10210000000000008
2002-04-01,1.5681,-0.024599999999999955
2002-05-01,1.6021,0.03400000000000003
2002-06-01,1.6591,0.05699999999999994
2002-07-01,1.8711,0.21199999999999997
2002-08-01,1.9587,0.08760000000000012
2002-09-01,2.1609,0.2021999999999997
2002-10-01,2.2015,0.04059999999999997
2002-11-01,1.8118,-0.3896999999999997
2002-12-01,2.0317,0.21989999999999976
2003-01-01,2.178435,0.14673500000000006
2003-02-01,2.282,0.10356500000000013
2003-03-01,1.946807,-0.3351930000000001
2003-04-01,1.924227,-0.022580000000000044
2003-05-01,1.73555,-0.18867699999999998
2003-06-01,1.571095,-0.16445500000000002
2003-07-01,1.560174,-0.010920999999999959
2003-08-01,1.552274,-0.007900000000000018
2003-09-01,1.637863,0.08558900000000014
2003-10-01,1.482835,-0.15502800000000017
2003-11-01,1.505669,0.02283400000000002
2003-12-01,1.633597,0.12792800000000004
2004-01-01,1.62867772727273,-0.0049192727272699965
2004-02-01,1.5688465,-0.05983122727272994
2004-03-01,1.50401695652174,-0.06482954347825998
2004-04-01,1.43777045454545,-0.06624650197629012
2004-05-01,1.41957476190476,-0.018195692640689876
2004-06-01,1.40479409090909,-0.014780670995670153
2004-07-01,1.56356590909091,0.15877181818182007
2004-08-01,1.72831181818182,0.16474590909091003
2004-09-01,1.54526272727273,-0.18304909090909005
2004-10-01,1.48033523809524,-0.06492748917749003
2004-11-01,1.65912545454545,0.17879021645020998
2004-12-01,1.65790173913043,-0.001223715415019866
2005-01-01,1.55230857142857,-0.10559316770186
2005-02-01,1.633594,0.08128542857142995
2005-03-01,1.75514869565217,0.12155469565217003
2005-04-01,1.58567904761905,-0.16946964803311992
2005-05-01,1.50822772727273,-0.07745132034632007
2005-06-01,1.53954636363636,0.03131863636362997
2005-07-01,1.48748428571429,-0.05206207792206996
2005-08-01,1.48086739130435,-0.006616894409940066
2005-09-01,1.50483545454545,0.023968063241100124
2005-10-01,1.4573280952381,-0.04750735930735006
2005-11-01,1.44330818181818,-0.014019913419919927
2005-12-01,1.50910727272727,0.06579909090908997
2006-01-01,1.57310363636364,0.06399636363636985
2006-02-01,1.546104,-0.02699963636364
2006-03-01,1.5450552173913,-0.0010487826087000052
2006-04-01,1.5480175,0.0029622826087001286
2006-05-01,1.59641695652174,0.04839945652174005
2006-06-01,1.607,0.01058304347825989
2006-07-01,1.67908333333333,0.07208333333332995
2006-08-01,1.62071347826087,-0.05836985507245984
2006-09-01,1.5687619047619,-0.05195157349897017
2006-10-01,1.53022636363636,-0.03853554112553992
2006-11-01,1.58116636363636,0.050939999999999985
2006-12-01,1.70717809523809,0.12601173160172996
2007-01-01,1.69852217391304,-0.008655921325049887
2007-02-01,1.815393,0.11687082608695998
2007-03-01,1.92399818181818,0.10860518181817991
2007-04-01,1.9779780952381,0.053979913419920145
2007-05-01,2.00386304347826,0.025884948240159966
2007-06-01,2.01698333333333,0.013120289855069966
2007-07-01,2.15846772727273,0.14148439393939993
2007-08-01,1.90522739130435,-0.2532403359683799
2007-09-01,1.93431,0.029082608695649936
2007-10-01,1.91149782608696,-0.022812173913040024
2007-11-01,1.96833909090909,0.056841264822130144
2007-12-01,2.11265,0.14431090909090982
2008-01-01,2.20146,0.08881000000000006
2008-02-01,2.5035,0.30203999999999986
2008-03-01,2.72649,0.22299000000000024
2008-04-01,2.6075,-0.11899000000000015
2008-05-01,2.68423,0.07672999999999996
2008-06-01,3.00118,0.3169500000000003
2008-07-01,2.96716,-0.03402000000000038
2008-08-01,2.81578,-0.15137999999999963
2008-09-01,2.69572,-0.12006000000000006
2008-10-01,2.27393,-0.4217900000000001
2008-11-01,2.05459,-0.21933999999999987
2008-12-01,2.39385588235294,0.33926588235293975
2009-01-01,2.625922882,0.2320669996470599
2009-02-01,2.647528158,0.021605276000000284
2009-03-01,2.50995987,-0.1375682880000002
2009-04-01,2.55515458,0.04519471000000008
2009-05-01,2.480858886,-0.07429569399999991
2009-06-01,2.700439038,0.2195801519999998
2009-07-01,2.791269382,0.09083034400000001
2009-08-01,2.956615882,0.16534650000000006
2009-09-01,3.142906272,0.18629038999999992
2009-10-01,3.372627676,0.22972140400000018
2009-11-01,3.3840917,0.011464023999999906
2009-12-01,3.49762963,0.11353793000000012
2010-01-01,3.52518738,0.02755775000000016
2010-02-01,3.276506244,-0.24868113600000008
2010-03-01,3.08977493,-0.1867313140000002
2010-04-01,3.221170282,0.1313953520000002
2010-05-01,3.178400654,-0.04276962800000028
2010-06-01,3.23087061,0.05246995600000037
2010-07-01,3.229547838,-0.0013227720000004162
2010-08-01,3.071697046,-0.15785079199999963
2010-09-01,2.875044942,-0.196652104
2010-10-01,2.927514898,0.05246995599999993
2010-11-01,2.910318862,-0.01719603600000008
2010-12-01,3.06001256,0.1496936980000001
2011-01-01,3.164952472,0.10493991199999986
2011-02-01,3.4722765,0.307324028
2011-03-01,3.39291018,-0.0793663200000001
2011-04-01,3.134308254,-0.25860192599999987
2011-05-01,3.070815198,-0.06349305599999999
2011-06-01,3.015699698,-0.05511549999999987
2011-07-01,3.167157092,0.1514573939999999
2011-08-01,3.0644218,-0.1027352920000002
2011-09-01,2.873942632,-0.19047916799999998
2011-10-01,2.680156534,-0.1937860979999999
2011-11-01,2.527376368,-0.15278016599999988
2011-12-01,2.19690383,-0.330472538
2012-01-01,2.30762,0.11071616999999989
2012-02-01,2.35624,0.04862000000000011
2012-03-01,2.35925,0.003009999999999735
2012-04-01,2.26678,-0.09247000000000005
2012-05-01,2.31393,0.04715000000000025
2012-06-01,2.26421,-0.04972000000000021
2012-07-01,2.34981863636364,0.08560863636364013
2012-08-01,2.51226,0.16244136363635997
2012-09-01,2.62028,0.10802000000000023
2012-10-01,2.46354,-0.1567400000000001
2012-11-01,2.47816,0.014619999999999855
2012-12-01,2.41034,-0.06781999999999977
2013-01-01,2.27544,-0.13490000000000002
2013-02-01,2.1977,-0.07773999999999992
2013-03-01,2.15336,-0.044340000000000046
2013-04-01,2.29448863636364,0.1411286363636397
2013-05-01,2.34286,0.048371363636360076
2013-06-01,2.28358,-0.05927999999999978
2013-07-01,2.30866,0.02507999999999999
2013-08-01,2.48361,0.17494999999999994
2013-09-01,2.61605142857143,0.13244142857142993
2013-10-01,2.7307,0.1146485714285701
2013-11-01,2.75517,0.024469999999999992
2013-12-01,2.82454,0.06936999999999971
2014-01-01,2.81943,-0.005109999999999726
2014-02-01,2.99284,0.17341000000000006
2014-03-01,3.04167,0.04882999999999971
2014-04-01,3.05061,0.008939999999999948
2014-05-01,3.02999,-0.02061999999999964
2014-06-01,3.17433,0.1443399999999997
2014-07-01,3.19604,0.021710000000000118
2014-08-01,3.27027,0.07423000000000002
2014-09-01,3.21483,-0.055439999999999934
2014-10-01,3.10083,-0.11399999999999988
2014-11-01,2.90909,-0.19174000000000024
2014-12-01,2.94695,0.03786000000000023
2015-01-01,2.91591,-0.0310400000000004
2015-02-01,2.9617,0.04579000000000022
2015-03-01,2.877,-0.08470000000000022
2015-04-01,2.86827,-0.008729999999999905
2015-05-01,3.096,0.2277300000000002
2015-06-01,3.23951,0.14351000000000003
2015-07-01,3.32596,0.0864499999999997
2015-08-01,3.15391,-0.1720499999999996
2015-09-01,3.27845,0.12453999999999965
2015-10-01,3.19734,-0.0811099999999998
2015-11-01,3.36084,0.16349999999999998
2015-12-01,3.34565,-0.015190000000000037
2016-01-01,2.95242,-0.39322999999999997
2016-02-01,2.91637,-0.036049999999999915
2016-03-01,3.07352,0.15714999999999968
2016-04-01,3.0785,0.0049800000000002065
2016-05-01,3.09866,0.020160000000000178
2016-06-01,3.1208,0.022139999999999826
2016-07-01,3.04998,-0.07081999999999988
2016-08-01,3.03249,-0.017490000000000006
2016-09-01,2.88119,-0.1513
2016-10-01,2.71135,-0.1698400000000002
2016-11-01,2.47855,-0.23280000000000012
2016-12-01,2.29531,-0.18323999999999963
2017-01-01,2.19409,-0.10122000000000009
2017-02-01,2.03408,-0.1600100000000002
2017-03-01,2.0638,0.02972000000000019
2017-04-01,1.96116,-0.10264000000000006
2017-05-01,1.98348,0.022319999999999895
2017-06-01,1.99825,0.014770000000000172
2017-07-01,1.98858,-0.009670000000000067
2017-08-01,1.98856,-1.999999999990898e-05
2017-09-01,1.9983,0.00973999999999986
2017-10-01,2.09705,0.0987499999999999
2017-11-01,2.1279,0.030850000000000044
2017-12-01,1.91768,-0.21021999999999985
2018-01-01,1.95183,0.0341499999999999
2018-02-01,2.1228,0.17096999999999984
2018-03-01,2.50395,0.3811500000000003
2018-04-01,2.62474,0.12078999999999995
2018-05-01,2.65994,0.03520000000000012
2018-06-01,2.41076,-0.2491800000000004
2018-07-01,2.35705,-0.0537099999999997
2018-08-01,2.17161,-0.18544000000000027
2018-09-01,2.19489,0.02328000000000019
2018-10-01,2.1342,-0.06069000000000013
2018-11-01,2.18504,0.050839999999999996
2018-12-01,2.20841,0.023370000000000335
2019-01-01,2.26334,0.0549299999999997
2019-02-01,2.2558,-0.007540000000000102
2019-03-01,2.20049,-0.05530999999999997
2019-04-01,2.33113,0.1306400000000001
2019-05-01,2.31508,-0.016049999999999898
2019-06-01,2.40773,0.0926499999999999
2019-07-01,2.41653,0.008799999999999919
2019-08-01,2.1947,-0.22182999999999975
2019-09-01,2.30542,0.11071999999999971
2019-10-01,2.43527,0.12985000000000024
2019-11-01,2.51966,0.08438999999999997
